{"learning_rate": 2.0160000000000003e-06, "_timestamp": 1716554591.866239, "loss": NaN, "_runtime": 18.481609106063843, "_step": 40}