{"learning_rate": 0.0059, "_timestamp": 1716457986.7270093, "loss": NaN, "_runtime": 48.14920926094055, "_step": 610, "f_score": 0.05150999793856938, "_wandb": {"runtime": 49}}