{"learning_rate": -0.004090000000000001, "_timestamp": 1716551727.781989, "loss": NaN, "_runtime": 146.3912661075592, "_step": 610, "f_score": 0.048824984539270255, "_wandb": {"runtime": 152}}