{"learning_rate": 0.0059, "_timestamp": 1716459711.7642648, "loss": NaN, "_runtime": 47.82560873031616, "_step": 610, "f_score": 0.05150999793856938, "_wandb": {"runtime": 49}}