{"learning_rate": 0.001, "_timestamp": 1716531473.8210776, "loss": 1.3925961017608643, "_runtime": 121.31841850280762, "_step": 300, "acc": 0.2662337662337662, "_wandb": {"runtime": 1513}}