{"learning_rate": 1.0018e-05, "_timestamp": 1716480304.2879841, "loss": NaN, "_runtime": 194.64493918418884, "_step": 50, "_wandb": {"runtime": 267}, "f_score": 0.04783549783549784}