{"learning_rate": 0.001000018, "_timestamp": 1716557335.6846082, "loss": 4.221472311019897, "_runtime": 381.0370433330536, "_step": 20}