{"learning_rate": 0.0009666673333333332, "_timestamp": 1716545370.2873003, "loss": 1.255248525738716, "_runtime": 117.28028225898743, "_step": 290, "acc": 0.2792207792207792}