{"learning_rate": -0.004090000000000001, "_timestamp": 1716546430.534343, "loss": NaN, "_runtime": 126.5086100101471, "_step": 610, "f_score": 0.03441558441558442, "_wandb": {"runtime": 129}}