{"learning_rate": 0.0059, "_timestamp": 1716375548.6103172, "loss": NaN, "_runtime": 52.13997411727905, "_step": 610, "f_score": 0.05150999793856938, "_wandb": {"runtime": 54}}