{"learning_rate": 0.001, "_timestamp": 1716448362.4703836, "loss": 1.393120139837265, "_runtime": 8.155657529830933, "_step": 300, "acc": 0.2662337662337662, "_wandb": {"runtime": 1467}}