{"learning_rate": -0.0039900000000000005, "_timestamp": 1716551222.4498627, "loss": NaN, "_runtime": 127.82578682899475, "_step": 600, "f_score": 0.048824984539270255}