{"learning_rate": 0.0059, "_timestamp": 1716462767.0217018, "loss": NaN, "_runtime": 115.22340869903564, "_step": 610, "f_score": 0.05150999793856938, "_wandb": {"runtime": 121}}