{"learning_rate": 0.0009666673333333332, "_timestamp": 1716449900.1701207, "loss": 1.3777978897094727, "_runtime": 8.024972677230835, "_step": 290, "acc": 0.44155844155844154}