{"learning_rate": -0.0039900000000000005, "_timestamp": 1716544667.3202, "loss": NaN, "_runtime": 122.7286319732666, "_step": 600, "f_score": 0.04004844361987219}