{"learning_rate": 0.001, "_timestamp": 1716457558.221518, "loss": 1.393120139837265, "_runtime": 8.406182050704956, "_step": 300, "acc": 0.2662337662337662, "_wandb": {"runtime": 381}}