{"learning_rate": 0.001, "_timestamp": 1716547999.5320091, "loss": 1.3919438779354096, "_runtime": 128.27411818504333, "_step": 300, "acc": 0.2662337662337662, "_wandb": {"runtime": 558}}