{"learning_rate": 0.001, "_timestamp": 1716533128.0486574, "loss": 1.3925395607948303, "_runtime": 121.65738940238953, "_step": 300, "acc": 0.2662337662337662, "_wandb": {"runtime": 265}}