{"learning_rate": -0.004090000000000001, "_timestamp": 1716545949.5825293, "loss": NaN, "_runtime": 126.15149140357971, "_step": 610, "f_score": 0.03814677386105958, "_wandb": {"runtime": 130}}