{"learning_rate": 0.002500015, "_timestamp": 1716374658.3093956, "loss": NaN, "_runtime": 8.242225646972656, "_step": 50, "_wandb": {"runtime": 7}, "f_score": 0.05150999793856938}