{"learning_rate": -0.004090000000000001, "_timestamp": 1716548734.871619, "loss": NaN, "_runtime": 126.33495092391968, "_step": 610, "f_score": 0.048824984539270255, "_wandb": {"runtime": 130}}