{"learning_rate": 0.001, "_timestamp": 1716546566.420607, "loss": 1.3923731744289398, "_runtime": 125.58110117912292, "_step": 300, "acc": 0.2662337662337662, "_wandb": {"runtime": 518}}