{"learning_rate": 6.0188e-06, "_timestamp": 1716480479.5048912, "loss": NaN, "_runtime": 96.10468220710754, "_step": 30, "_wandb": {"runtime": 113}}