{"learning_rate": 0.002500015, "_timestamp": 1716470912.8717513, "loss": NaN, "_runtime": 111.32814526557922, "_step": 50, "_wandb": {"runtime": 110}, "f_score": 0.05171098742527314}