{"learning_rate": 0.0009666673333333332, "_timestamp": 1716459728.4205484, "loss": 1.3777978897094727, "_runtime": 7.782219409942627, "_step": 290, "acc": 0.44155844155844154}