{"learning_rate": -0.0031000000000000003, "_timestamp": 1716533599.4350317, "loss": NaN, "_runtime": 121.55238461494446, "_step": 610, "f_score": 0.05150999793856938, "_wandb": {"runtime": 125}}