{"learning_rate": 2.0160000000000003e-06, "_timestamp": 1716480790.0569792, "loss": NaN, "_runtime": 254.58885717391968, "_step": 100, "f_score": 0.03721397649969079, "_wandb": {"runtime": 378}}