{"learning_rate": -0.0018999000000000002, "_timestamp": 1716534194.408951, "loss": NaN, "_runtime": 76.00770115852356, "_step": 390, "f_score": 0.03358585858585859}