{"learning_rate": 0.0059, "_timestamp": 1716448344.7343423, "loss": NaN, "_runtime": 49.70337224006653, "_step": 610, "f_score": 0.05150999793856938, "_wandb": {"runtime": 51}}