{"learning_rate": -0.0031000000000000003, "_timestamp": 1716531339.0265088, "loss": NaN, "_runtime": 118.92521572113037, "_step": 610, "f_score": 0.05150999793856938, "_wandb": {"runtime": 123}}