{"learning_rate": 0.001, "_timestamp": 1716458001.8932078, "loss": 1.393120139837265, "_runtime": 7.862959861755371, "_step": 300, "acc": 0.2662337662337662, "_wandb": {"runtime": 875}}