{"learning_rate": -0.004090000000000001, "_timestamp": 1716536047.4400356, "loss": NaN, "_runtime": 142.10742354393005, "_step": 610, "f_score": 0.04465574108431252, "_wandb": {"runtime": 141}}