{"learning_rate": -0.0039900000000000005, "_timestamp": 1716536294.512783, "loss": NaN, "_runtime": 75.90614414215088, "_step": 600, "f_score": 0.04695938981653268}