{"learning_rate": 0.0059, "_timestamp": 1716459264.2039046, "loss": NaN, "_runtime": 48.329779624938965, "_step": 610, "f_score": 0.05150999793856938, "_wandb": {"runtime": 49}}