{"learning_rate": 0.001, "_timestamp": 1716546092.1427164, "loss": 1.360219621658325, "_runtime": 130.29293942451477, "_step": 300, "acc": 0.24675324675324675, "_wandb": {"runtime": 334}}