{"learning_rate": 0.001, "_timestamp": 1716547239.0568576, "loss": 1.3919438779354096, "_runtime": 128.82964754104614, "_step": 300, "acc": 0.2662337662337662, "_wandb": {"runtime": 614}}