{"learning_rate": 0.0059, "_timestamp": 1716374951.9491446, "loss": NaN, "_runtime": 53.71335768699646, "_step": 610, "f_score": 0.05150999793856938, "_wandb": {"runtime": 372}}