{"learning_rate": -0.0002000000000000001, "_timestamp": 1716484414.5858028, "loss": NaN, "_runtime": 3491.076230764389, "_step": 520, "f_score": 0.05223149866007009, "_wandb": {"runtime": 3909}}