{"learning_rate": 0.001, "_timestamp": 1716533733.2128315, "loss": 1.3924941062927245, "_runtime": 122.90312838554382, "_step": 300, "acc": 0.2662337662337662, "_wandb": {"runtime": 499}}