{"learning_rate": 0.00020001599999999996, "_timestamp": 1716479797.6896315, "loss": NaN, "_runtime": 320.7297914028168, "_step": 100, "f_score": 0.048907441764584635, "_wandb": {"runtime": 527}}