{"learning_rate": 0.0059, "_timestamp": 1716457542.7642643, "loss": NaN, "_runtime": 49.63259434700012, "_step": 610, "f_score": 0.05150999793856938, "_wandb": {"runtime": 51}}