{"learning_rate": 0.0059, "_timestamp": 1716473911.6010714, "loss": NaN, "_runtime": 1363.3691003322601, "_step": 610, "f_score": 0.05171098742527314, "_wandb": {"runtime": 1477}}