{"learning_rate": 0.0009666673333333332, "_timestamp": 1716375565.4970212, "loss": 1.3777978897094727, "_runtime": 8.357908248901367, "_step": 290, "acc": 0.44155844155844154}