{"learning_rate": 0.0009666673333333332, "_timestamp": 1716552948.5648673, "loss": 1.382882112264633, "_runtime": 169.40578031539917, "_step": 290, "acc": 0.44155844155844154}