{"learning_rate": 8.00184e-05, "_timestamp": 1716478203.2872229, "loss": NaN, "_runtime": 567.2501127719879, "_step": 40}