{"learning_rate": 0.0009666673333333332, "_timestamp": 1716485567.2634652, "loss": 1.2697369933128357, "_runtime": 267.6225712299347, "_step": 290, "acc": 0.19480519480519481}