{"learning_rate": -0.004090000000000001, "_timestamp": 1716545241.0330157, "loss": NaN, "_runtime": 120.4218237400055, "_step": 610, "f_score": 0.03607503607503608, "_wandb": {"runtime": 124}}