{"learning_rate": 0.002000016, "_timestamp": 1716571119.839115, "loss": 4.208841133117676, "_runtime": 95.84318995475769, "_step": 40}