{"learning_rate": 0.001, "_timestamp": 1716474687.3876238, "loss": 1.3929883539676666, "_runtime": 15.863014698028564, "_step": 300, "acc": 0.2662337662337662, "_wandb": {"runtime": 16}}