{"learning_rate": -0.0027900000000000004, "_timestamp": 1716534474.8957396, "loss": NaN, "_runtime": 93.55489945411682, "_step": 480, "f_score": 0.03793547722119152}