{"learning_rate": 0.0009666673333333332, "_timestamp": 1716551867.265653, "loss": 1.2886836528778076, "_runtime": 125.54097700119019, "_step": 290, "acc": 0.2792207792207792}