{"learning_rate": -0.004090000000000001, "_timestamp": 1716547098.1484923, "loss": NaN, "_runtime": 129.1202642917633, "_step": 610, "f_score": 0.048057101628530205, "_wandb": {"runtime": 132}}