{"learning_rate": -0.00199, "_timestamp": 1716534787.4971178, "loss": NaN, "_runtime": 80.0193088054657, "_step": 400, "f_score": 0.03848690991548134}