{"learning_rate": -0.004090000000000001, "_timestamp": 1716552765.6454933, "loss": NaN, "_runtime": 171.06212735176086, "_step": 610, "f_score": 0.048824984539270255, "_wandb": {"runtime": 176}}