{"learning_rate": 0.001, "_timestamp": 1716462794.6691747, "loss": 1.393120139837265, "_runtime": 13.623345613479614, "_step": 300, "acc": 0.2662337662337662, "_wandb": {"runtime": 8011}}