{"learning_rate": 0.001, "_timestamp": 1716548872.211733, "loss": 1.341496855020523, "_runtime": 125.09076619148254, "_step": 300, "acc": 0.2792207792207792, "_wandb": {"runtime": 2339}}