{"learning_rate": 0.002000016, "_timestamp": 1716470949.9853747, "loss": NaN, "_runtime": 6.17164158821106, "_step": 40}