{"learning_rate": 0.0059, "_timestamp": 1716449882.299097, "loss": NaN, "_runtime": 51.64640808105469, "_step": 610, "f_score": 0.05150999793856938, "_wandb": {"runtime": 53}}