{"learning_rate": 0.001, "_timestamp": 1716458944.7394369, "loss": 1.393120139837265, "_runtime": 8.462975978851318, "_step": 300, "acc": 0.2662337662337662, "_wandb": {"runtime": 271}}