{"learning_rate": 0.0059, "_timestamp": 1716458927.3770294, "loss": NaN, "_runtime": 50.420069456100464, "_step": 610, "f_score": 0.05150999793856938, "_wandb": {"runtime": 52}}