{"learning_rate": 0.001, "_timestamp": 1716485004.0348487, "loss": 1.393120139837265, "_runtime": 12.660356760025024, "_step": 300, "acc": 0.2662337662337662, "_wandb": {"runtime": 119}}