{"learning_rate": -0.004090000000000001, "_timestamp": 1716535765.5693195, "loss": NaN, "_runtime": 76.45104646682739, "_step": 610, "f_score": 0.04378994021851165, "_wandb": {"runtime": 208}}