{"learning_rate": -0.004090000000000001, "_timestamp": 1716547859.9555838, "loss": NaN, "_runtime": 125.53107190132141, "_step": 610, "f_score": 0.048057101628530205, "_wandb": {"runtime": 128}}